bbrID,headshot,name
jordami01,1,Michael Jordan
pippesc01,1,Scottie Pippen
kukocto01,1,Toni Kukoč
kerrst01,1,Steve Kerr
harpero01,,Ron Harper
rodmade01,1,Dennis Rodman
brownra02,,Randy Brown
buechju01,,Jud Buechler
longllu01,,Luc Longley
delebi01,1,Bison Dele
caffeja01,,Jason Caffey
parisro01,1,Robert Parish
stricro02,1,Rod Strickland
webbech01,1,Chris Webber
muresgh01,,Gheorghe Mureșan
murratr01,,Tracy Murray
howarju01,,Juwan Howard
legleti01,,Tim Legler
cheanca01,,Calbert Cheaney
whitnch01,,Chris Whitney
grantha01,,Harvey Grant
jacksja01,,Jaren Jackson
willilo01,,Lorenzo Williams
wallabe01,1,Ben Wallace
blaylmo01,1,Mookie Blaylock
mutomdi01,1,Dikembe Mutombo
smithst01,1,Steve Smith
laettch01,,Christian Laettner
corbity01,,Tyrone Corbin
barryjo01,1,Jon Barry
recasel01,1,Eldridge Recasner
hendeal01,,Alan Henderson
jameshe01,,Henry James
hancoda01,,Darrin Hancock
newbiiv01,,Ivano Newbill
laudepr01,,Priest Lauderdale
hardati01,,Tim Hardaway
mournal01,1,Alonzo Mourning
majerda01,1,Dan Majerle
brownpj01,1,P.J. Brown
lenarvo01,1,Voshon Lenard
askinke01,,Keith Askins
mashbja01,,Jamal Mashburn
pincked01,,Ed Pinckney
crottjo01,,John Crotty
austiis01,,Isaac Austin
anderwi01,,Willie Anderson
stricma01,,Mark Strickland
stockjo01,1,John Stockton
malonka01,1,Karl Malone
hornaje01,1,Jeff Hornacek
russebr01,,Bryon Russell
morrich01,,Chris Morris
ostergr01,1,Greg Ostertag
keefead01,,Adam Keefe
howarst01,,Stephen Howard
eisleho01,,Howard Eisley
carran01,,Antoine Carr
andersh01,,Shandon Anderson
fostegr01,,Greg Foster
johnsla02,,Larry Johnson
starkjo01,,John Starks
ewingpa01,1,Patrick Ewing
grantho01,,Horace Grant
houstal01,1,Allan Houston
mcmilna01,,Nate McMillan
boguemu01,,Muggsy Bogues
richapo01,,Pooh Richardson
wardch01,,Charlie Ward
burresc01,,Scott Burrell
wennibi01,,Bill Wennington
simpkdi01,,Dickey Simpkins
kittlke01,1,Kerry Kittles
gillke01,1,Kendall Gill
cassesa01,1,Sam Cassell
willija01,,Jayson Williams
douglsh01,1,Sherman Douglas
vanhoke01,1,Keith Van Horn
gatlich01,,Chris Gatling
seikaro01,,Rony Seikaly
cagemi01,,Michael Cage
harrilu01,,Lucious Harris
evansbr01,,Brian Evans
vaughda02,,David Vaughn
ricegl01,,Glen Rice
masonan01,1,Anthony Mason
wesleda01,1,David Wesley
divacvl01,1,Vlade Divac
phillbo01,,Bobby Phills
curryde01,1,Dell Curry
geigema01,,Matt Geiger
armstbj01,,B.J. Armstrong
willitr01,,Travis Williams
reidjr01,,J.R. Reid
beckco01,,Corey Beck
royaldo01,,Donald Royal
millere01,1,Reggie Miller
mullich01,1,Chris Mullin
jacksma01,,Mark Jackson
davisda01,1,Dale Davis
besttr01,1,Travis Best
davisan01,,Antonio Davis
smitsri01,,Rik Smits
mckeyde01,,Derrick McKey
roseja01,1,Jalen Rose
hoibefr01,1,Fred Hoiberg
popema01,,Mark Pope
westma01,,Mark West
vaughja01,,Jacque Vaughn
barklch01,1,Charles Barkley
anthogr01,,Greg Anthony
chapmre01,,Rex Chapman
surabo01,1,Bob Sura
bryanko01,1,Kobe Bryant
williho01,,Hot Rod Williams
millste01,1,Terry Mills
robinda01,1,David Robinson
duncati01,1,Tim Duncan
johnsav01,1,Avery Johnson
eliema01,1,Mario Elie
perduwi01,,Will Perdue
elliose01,,Sean Elliott
rosema01,,Malik Rose
kerseje01,,Jerome Kersey
kingge02,,Gerard King
daniean01,1,Antonio Daniels
garneke01,1,Kevin Garnett
brandte01,1,Terrell Brandon
mitchsa01,,Sam Mitchell
peelean01,1,Anthony Peeler
sealyma01,,Malik Sealy
pattean01,,Andrae Patterson
smithjo02,1,Joe Smith
jacksbo01,,Bobby Jackson
nestera01,1,Rasho Nesterović
garrede01,,Dean Garrett
robinja02,,James Robinson
hammoto01,,Tom Hammonds
onealsh01,1,Shaquille O'Neal
horryro01,,Robert Horry
foxri01,,Rick Fox
harpede01,,Derek Harper
fishede01,,Derek Fisher
knightr01,,Travis Knight
patteru01,1,Ruben Patterson
luety01,1,Tyronn Lue
rooksse01,,Sean Rooks
sabonar01,,Arvydas Sabonis
stoudda01,1,Damon Stoudamire
wallara01,1,Rasheed Wallace
grantbr01,1,Brian Grant
rideris01,,Isaiah Rider
williwa02,1,Walt Williams
augmost01,,Stacey Augmon
jacksji01,1,Jim Jackson
catoke01,,Kelvin Cato
grantga01,,Gary Grant
onealje01,,Jermaine O'Neal
childch01,1,Chris Childs
cambyma01,1,Marcus Camby
sprewla01,,Latrell Sprewell
dudlech02,,Chris Dudley
thomaku01,,Kurt Thomas
brunsri01,,Rick Brunson
willihe01,,Herb Williams
wingada01,,David Wingate
ratlith01,1,Theo Ratliff
mckieaa01,,Aaron McKie
greenac01,,A.C. Green
shawbr01,,Brian Shaw
georgde01,,Devean George
sallejo01,,John Salley
anderni01,1,Nick Anderson
willija02,1,Jason Williams
stojape01,1,Peja Stojaković
pollasc01,,Scot Pollard
fundela01,,Lawrence Funderburke
willico02,1,Corliss Williamson
martida01,,Darrick Martin
delkto01,,Tony Delk
kiddja01,,Jason Kidd
robincl02,,Clifford Robinson
hardaan01,1,Anfernee Hardaway
rogerro01,1,Rodney Rogers
mariosh01,,Shawn Marion
dayto01,,Todd Day
milleol01,,Oliver Miller
johnske02,1,Kevin Johnson
livinra01,,Randy Livingston
blounco01,,Corie Blount
baileto01,,Toby Bailey
schrede01,,Detlef Schrempf
wellsbo01,1,Bonzi Wells
croshau01,,Austin Croshere
perkisa01,,Sam Perkins
bendejo01,,Jonathan Bender
tabakza01,,Žan Tabak
hillgr01,1,Grant Hill
snower01,,Eric Snow
madsema01,,Mark Madsen
harvean01,,Antonio Harvey
chrisdo01,1,Doug Christie
turkohe01,1,Hedo Türkoğlu
anderde01,1,Derek Anderson
portete01,,Terry Porter
ferryda01,,Danny Ferry
scottsh01,,Shawnelle Scott
walkesa01,1,Samaki Walker
iversal01,1,Allen Iverson
lynchge01,1,George Lynch
hillty01,,Tyrone Hill
maccuto01,,Todd MacCulloch
ollieke01,,Kevin Ollie
jonesju01,,Jumaine Jones
buforro01,,Rodney Buford
bellra01,,Raja Bell
willije01,,Jerome Williams
petermo01,,Morris Peterson
hawkihe01,1,Hersey Hawkins
hunteli01,,Lindsey Hunter
richmmi01,1,Mitch Richmond
medvest01,,Stanislav Medvedenko
randoza01,1,Zach Randolph
kempsh01,1,Shawn Kemp
bowenbr01,1,Bruce Bowen
parketo01,1,Tony Parker
smithch04,,Charles Smith
bryanma01,,Mark Bryant
parksch02,,Cherokee Parks
bibbymi01,1,Mike Bibby
wallage01,,Gerald Wallace
brownch01,,Chucky Brown
cleavma01,,Mateen Cleaves
jefferi01,1,Richard Jefferson
williaa01,,Aaron Williams
collija04,,Jason Collins
martike01,1,Kenyon Martin
johnsan02,,Anthony Johnson
marshdo02,,Donny Marshall
scalabr01,,Brian Scalabrine
lewisra02,,Rashard Lewis
bradlsh01,1,Shawn Bradley
ginobma01,1,Manu Ginóbili
jacksst02,,Stephen Jackson
claxtsp01,,Speedy Claxton
willike02,,Kevin Willis
marbust01,1,Stephon Marbury
outlabo01,1,Bo Outlaw
johnsjo02,1,Joe Johnson
jacobca01,,Casey Jacobsen
stoudam01,1,Amar'e Stoudemire
tsakaja01,,Jake Tsakalidis
voskuja01,,Jake Voskuhl
guglito01,,Tom Gugliotta
willisc01,1,Scott Williams
pargoja01,,Jannero Pargo
rushka01,,Kareem Rush
nowitdi01,1,Dirk Nowitzki
nashst01,1,Steve Nash
finlemi01,,Michael Finley
lafrera01,1,Raef LaFrentz
najered01,,Eduardo Nájera
griffad01,,Adrian Griffin
vanexni01,1,Nick Van Exel
abdulta01,,Tariq Abdul-Wahad
eschmev01,,Evan Eschmeyer
slayta01,,Tamar Slay
davisba01,1,Baron Davis
billuch01,1,Chauncey Billups
anderke01,,Kenny Anderson
hamilri01,,Richard Hamilton
jamesmi01,,Mike James
okurme01,,Mehmet Okur
princta01,1,Tayshaun Prince
campbel01,1,Elden Campbell
hamda01,,Darvin Ham
milicda01,,Darko Miličić
reddmi01,,Michael Redd
masonde01,,Desmond Mason
jonesda01,,Damon Jones
gadzuda01,,Dan Gadzuric
knighbr01,1,Brevin Knight
stricer01,,Erick Strickland
skinnbr01,,Brian Skinner
santida01,,Daniel Santiago
haislma01,,Marcus Haislip
planizo01,,Zoran Planinić
armstbr01,,Brandon Armstrong
artesro01,1,Metta World Peace
tinslja01,1,Jamaal Tinsley
fosteje01,,Jeff Foster
jonesfr01,1,Fred Jones
harrial01,,Al Harrington
paytoga01,1,Gary Payton
waltolu01,,Luke Walton
cookbr01,,Brian Cook
thomati01,1,Tim Thomas
anthoca01,1,Carmelo Anthony
szczewa02,1,Wally Szczerbiak
bowenry01,,Ryan Bowen
barrybr01,1,Brent Barry
udrihbe01,1,Beno Udrih
brownde02,,Devin Brown
robingl01,,Glenn Robinson
mohamna01,1,Nazr Mohammed
masseto01,,Tony Massenburg
millean02,1,Andre Miller
hilarne01,1,Nenê
boykiea01,1,Earl Boykins
buckngr01,,Greg Buckner
johnsde03,,DerMarr Johnson
elsonfr01,,Francisco Elson
persowe01,1,Wesley Person
allenra02,1,Ray Allen
radmavl01,,Vladimir Radmanović
ridnolu01,,Luke Ridnour
collini01,1,Nick Collison
evansre01,,Reggie Evans
fortsda01,1,Danny Fortson
wilkida02,1,Damien Wilkins
murraro01,,Ronald Murray
jamesje01,,Jerome James
potapvi01,,Vitaly Potapenko
richaqu01,,Quentin Richardson
barbole01,1,Leandro Barbosa
mccarwa01,,Walter McCarty
shirlpa01,,Paul Shirley
huntest01,,Steven Hunter
arroyca01,,Carlos Arroyo
mcdyean01,1,Antonio McDyess
duprero01,,Ronald Dupree
wadedw01,1,Dwyane Wade
armstda01,1,Darrell Armstrong
harride01,1,Devin Harris
hasleud01,1,Udonis Haslem
poseyja01,1,James Posey
walkean02,1,Antoine Walker
kaponja01,1,Jason Kapono
simiewa01,,Wayne Simien
doleami01,,Michael Doleac
hinriki01,1,Kirk Hinrich
chandty01,1,Tyson Chandler
duhonch01,,Chris Duhon
denglu01,1,Luol Deng
gordobe01,1,Ben Gordon
piatker01,1,Eric Piatkowski
harriot01,,Othella Harrington
nocioan01,1,Andrés Nocioni
schenlu01,,Luke Schenscher
sweetmi01,,Mike Sweetney
allenma01,,Malik Allen
cartevi01,1,Vince Carter
padgesc01,,Scott Padgett
krstine01,1,Nenad Krstić
murrala01,,Lamond Murray
thomajo02,,John Thomas
nachbbo01,1,Boštjan Nachbar
wrighan01,,Antoine Wright
evansma01,,Maurice Evans
delfica01,,Carlos Delfino
maxieja01,,Jason Maxiell
terryja01,1,Jason Terry
howarjo01,1,Josh Howard
daniema01,1,Marquis Daniels
dampier01,1,Erick Dampier
diopde01,,DeSagana Diop
stackje01,,Jerry Stackhouse
poweljo01,1,Josh Powell
mbengdj01,,D.J. Mbenga
hughela01,,Larry Hughes
bonnema01,1,Matt Bonner
obertfa01,,Fabricio Oberto
butleja01,,Jackie Butler
whiteja02,,James White
elyme01,,Melvin Ely
smithjr01,1,J.R. Smith
blakest01,1,Steve Blake
kleizli01,,Linas Kleiza
diawaya01,1,Yakhouba Diawara
sampsja01,,Jamal Sampson
wafervo01,,Von Wafer
cartean01,,Anthony Carter
diawbo01,1,Boris Diaw
jonesja02,1,James Jones
marksse01,,Sean Marks
banksma01,,Marcus Banks
burkepa01,,Pat Burke
kirilan01,,Andrei Kirilenko
willide01,1,Deron Williams
boozeca01,,Carlos Boozer
millspa01,1,Paul Millsap
harprma01,,Matt Harpring
collija03,,Jarron Collins
brewero02,,Ronnie Brewer
giricgo01,1,Gordan Giriček
brownde03,1,Dee Brown
milescj01,1,C.J. Miles
araujra01,,Rafael Araújo
jamesle01,1,LeBron James
ilgauzy01,1,Zydrunas Ilgauskas
varejan01,1,Anderson Varejão
marshdo01,,Donyell Marshall
goodedr01,1,Drew Gooden
pavloal01,,Sasha Pavlović
gibsoda01,,Daniel Gibson
newblir01,,Ira Newble
jonesdw02,,Dwayne Jones
brownsh01,,Shannon Brown
arenagi01,1,Gilbert Arenas
jonesed02,1,Eddie Jones
butleca01,1,Caron Butler
garbajo01,,Jorge Garbajosa
piercpa01,1,Paul Pierce
rondora01,1,Rajon Rondo
houseed01,,Eddie House
allento01,1,Tony Allen
perkike01,1,Kendrick Perkins
powele01,,Leon Powe
davisgl01,,Glen Davis
pruitga01,,Gabe Pruitt
smithjo03,1,Josh Smith
childjo01,1,Josh Childress
horfoal01,1,Al Horford
pachuza01,1,Zaza Pachulia
westma02,,Mario West
richaje01,,Jeremy Richardson
willima02,1,Marvin Williams
jonesso01,,Solomon Jones
stoudsa01,,Salim Stoudamire
lawac01,,Acie Law
westde01,,Delonte West
thomabi01,,Billy Thomas
allrela01,,Lance Allred
johnsam01,1,Amir Johnson
stuckro01,1,Rodney Stuckey
afflaar01,1,Arron Afflalo
dixonju01,,Juan Dixon
herrmwa01,,Walter Herrmann
hayesja01,,Jarvis Hayes
sambch01,,Cheikh Samb
odomla01,,Lamar Odom
gasolpa01,1,Pau Gasol
farmajo01,1,Jordan Farmar
arizatr01,1,Trevor Ariza
bynuman01,,Andrew Bynum
vujacsa01,1,Sasha Vujačić
turiaro01,,Ronny Turiaf
karlco01,,Coby Karl
mihmch01,,Chris Mihm
alstora01,1,Rafer Alston
mingya01,1,Yao Ming
udokaim01,,Ime Udoka
headlu01,1,Luther Head
yuesu01,,Sun Yue
morriad01,,Adam Morrison
korveky01,1,Kyle Korver
pricero01,1,Ronnie Price
koufoko01,1,Kosta Koufos
fesenky01,,Kyrylo Fesenko
almonmo01,,Morris Almond
battish01,,Shane Battier
mcgratr01,1,Tracy McGrady
scolalu01,1,Luis Scola
lowryky01,1,Kyle Lowry
hayesch01,1,Chuck Hayes
landrca01,1,Carl Landry
brookaa01,1,Aaron Brooks
dorsejo01,,Joey Dorsey
balkmre01,,Renaldo Balkman
anderch01,1,Chris Andersen
jonesda02,1,Dahntay Jones
weemsso01,1,Sonny Weems
hartja01,,Jason Hart
petrojo01,,Johan Petro
howardw01,1,Dwight Howard
nelsoja01,1,Jameer Nelson
leeco01,1,Courtney Lee
pietrmi01,,Mickaël Piétrus
gortama01,1,Marcin Gortat
battito01,,Tony Battie
redicjj01,1,J.J. Redick
foylead01,1,Adonal Foyle
moonja01,1,Jamario Moon
duranke01,1,Kevin Durant
westbru01,1,Russell Westbrook
hardeja01,1,James Harden
sefolth01,1,Thabo Sefolosha
greenje02,1,Jeff Green
weaveky01,,Kyle Weaver
maynoer01,,Eric Maynor
ibakase01,1,Serge Ibaka
whitedj01,,D.J. White
mulleby01,,Byron Mullens
thomaet01,,Etan Thomas
shakumu01,,Mustafa Shakur
matthwe02,1,Wesley Matthews
gainesu01,,Sundiata Gaines
jeffeot01,,Othyus Jeffers
richaja01,,Jason Richardson
dudleja01,1,Jared Dudley
fryech01,1,Channing Frye
amundlo01,1,Lou Amundson
dragigo01,1,Goran Dragić
lopezro01,1,Robin Lopez
griffta01,,Taylor Griffin
clarkea01,,Earl Clark
robinna01,,Nate Robinson
willish02,,Shelden Williams
lafayol01,,Oliver Lafayette
gaffnto01,,gaffnto01
roybr01,,Brandon Roy
bogutan01,1,Andrew Bogut
przybjo01,,Joel Przybilla
masonro01,1,Roger Mason
breweco01,1,Corey Brewer
haywobr01,,Brendan Haywood
beaubro01,,Rodrigue Beaubois
bareajo01,1,J.J. Barea
cardibr01,,Brian Cardinal
mahinia01,1,Ian Mahinmi
jonesdo02,,Dominique Jones
stevede01,,DeShawn Stevenson
aldrila01,1,LaMarcus Aldridge
fernaru01,1,Rudy Fernández
batumni01,1,Nicolas Batum
odengr01,,Greg Oden
williel01,1,Elliot Williams
millspa02,1,Patty Mills
johnsch03,1,Chris Johnson
barroea01,1,Earl Barron
babbilu01,1,Luke Babbitt
johnsar02,,Armon Johnson
barnema02,1,Matt Barnes
ebankde01,,Devin Ebanks
johnstr01,,Trey Johnson
caracde01,,Derrick Caracter
cookda02,,Daequan Cook
iveyro01,,Royal Ivey
aldrico01,1,Cole Aldrich
vadenro01,,vadenro01
boshch01,1,Chris Bosh
chalmma01,1,Mario Chalmers
millemi01,1,Mike Miller
anthojo01,1,Joel Anthony
magloja01,,Jamaal Magloire
pittmde01,,Dexter Pittman
gayru01,1,Rudy Gay
westda01,1,David West
blairde01,1,DeJuan Blair
harrite01,,Terrel Harris
curryed01,1,Eddy Curry
coleno01,1,Norris Cole
fieldla01,,Landry Fields
shumpim01,1,Iman Shumpert
douglto01,1,Toney Douglas
linje01,1,Jeremy Lin
novakst01,1,Steve Novak
harrejo01,1,Josh Harrellson
jeffrja01,,Jared Jeffries
jordaje01,,Jerome Jordan
grangda01,1,Danny Granger
georgpa01,1,Paul George
hillge01,1,George Hill
hibbero01,1,Roy Hibbert
collida01,1,Darren Collison
priceaj01,,A.J. Price
hansbty01,1,Tyler Hansbrough
pendeje02,1,Jeff Ayres
stephla01,1,Lance Stephenson
bassbr01,1,Brandon Bass
stiemgr01,1,Greg Stiemsma
doolike01,,Keyon Dooling
bradlav01,1,Avery Bradley
mooreet01,1,E'Twaun Moore
willise01,,Sean Williams
johnsja02,,JaJuan Johnson
holliry01,1,Ryan Hollins
jacksre01,1,Reggie Jackson
haywala01,,Lazar Hayward
rosede01,1,Derrick Rose
noahjo01,1,Joakim Noah
chandwi01,1,Wilson Chandler
varnaja01,,Jarvis Varnado
ellismo01,1,Monta Ellis
ilyaser01,1,Ersan İlyasova
jennibr01,1,Brandon Jennings
dunlemi02,1,Mike Dunleavy
sandela01,1,Larry Sanders
ayongu01,,Gustavo Ayón
udohek01,1,Ekpe Udoh
dalemsa01,1,Samuel Dalembert
mbahalu01,1,Luc Mbah a Moute
hensojo01,1,John Henson
smithis01,1,Ish Smith
butleji01,1,Jimmy Butler
gibsota01,1,Taj Gibson
belinma01,1,Marco Belinelli
thomama01,,Malcolm Thomas
teaguma01,,Marquis Teague
johnsor01,1,Orlando Johnson
augusdj01,1,D.J. Augustin
greenge01,1,Gerald Green
plumlmi01,1,Miles Plumlee
hansbbe01,,Ben Hansbrough
youngsa01,,Sam Young
greenda02,1,Danny Green
leonaka01,1,Kawhi Leonard
splitti01,1,Tiago Splitter
nealga01,1,Gary Neal
decolna01,,Nando De Colo
josepco01,1,Cory Joseph
baynear01,1,Aron Baynes
gallida01,1,Danilo Gallinari
leeda02,1,David Lee
prigipa01,1,Pablo Prigioni
farieke01,1,Kenneth Faried
willilo02,1,Lou Williams
meeksjo01,1,Jodie Meeks
dayeau01,1,Austin Daye
jamesda01,,Damion James
caldejo01,1,José Calderón
crowdja01,1,Jae Crowder
wrighbr03,1,Brandan Wright
ellinwa01,1,Wayne Ellington
larkish01,1,Shane Larkin
ledori01,,Ricky Ledo
jamesbe01,,Bernard James
mekelga01,,Gal Mekel
lillada01,1,Damian Lillard
wrighdo01,1,Dorell Wright
willima01,1,Mo Williams
mccolcj01,1,CJ McCollum
clavevi01,,Victor Claver
freeljo01,,Joel Freeland
crabbal01,1,Allen Crabbe
watsoea01,,Earl Watson
bartowi01,1,Will Barton
leoname01,1,Meyers Leonard
robinth01,1,Thomas Robinson
lambje01,1,Jeremy Lamb
adamsst01,1,Steven Adams
roberan03,1,Andre Roberson
thabeha01,,Hasheem Thabeet
jonespe01,1,Perry Jones
jerregr01,1,Grant Jerrett
hamilju01,1,Justin Hamilton
beaslmi01,1,Michael Beasley
lopezbr01,1,Brook Lopez
jeffeal01,1,Al Jefferson
curryst01,1,Stephen Curry
thompkl01,1,Klay Thompson
greendr01,1,Draymond Green
iguodan01,1,Andre Iguodala
livinsh01,1,Shaun Livingston
barneha02,1,Harrison Barnes
holidju01,1,Justin Holiday
mcadoja01,1,James Michael McAdoo
ezelife01,1,Festus Ezeli
kuzmiog01,,Ognjen Kuzmić
speigma01,1,Marreese Speights
rushbr01,1,Brandon Rush
davisan02,1,Anthony Davis
evansty01,1,Tyreke Evans
holidjr01,1,Jrue Holiday
asikom01,1,Ömer Aşık
anderry01,1,Ryan Anderson
ajincal01,1,Alexis Ajinça
witheje01,1,Jeff Withey
cunnida01,1,Dante Cunningham
gordoer01,1,Eric Gordon
fredeji01,1,Jimmer Fredette
pondequ01,1,Quincy Pondexter
conlemi01,1,Mike Conley
gasolma01,1,Marc Gasol
calatni01,,Nick Calathes
adamsjo01,1,Jordan Adams
leuerjo01,1,Jon Leuer
greenja01,1,JaMychal Green
stokeja01,1,Jarnell Stokes
smithru01,1,Russ Smith
beverpa01,1,Patrick Beverley
joneste01,1,Terrence Jones
motiedo01,1,Donatas Motiejūnas
capelca01,1,Clint Capela
mcdankj01,1,K.J. McDaniels
johnsni01,1,Nick Johnson
papanko01,1,Kostas Papanikolaou
loveke01,1,Kevin Love
irvinky01,1,Kyrie Irving
mozgoti01,1,Timofey Mozgov
dellama01,1,Matthew Dellavedova
thomptr01,1,Tristan Thompson
harrijo01,1,Joe Harris
paulch01,1,Chris Paul
walljo01,1,John Wall
mirotni01,1,Nikola Mirotić
parsoch01,1,Chandler Parsons
humphkr01,1,Kris Humphries
johnsja01,1,James Johnson
mcraejo01,1,Jordan McRae
kaunsa01,1,Sasha Kaun
caldwke01,1,Kentavious Caldwell-Pope
drumman01,1,Andre Drummond
morrima03,1,Marcus Morris
harrito02,1,Tobias Harris
tollian01,1,Anthony Tolliver
bullore01,1,Reggie Bullock
brownlo01,1,Lorenzo Brown
hillida01,1,Darrun Hilliard
dinwisp01,1,Spencer Dinwiddie
johnsst04,1,Stanley Johnson
teaguje01,1,Jeff Teague
bazemke01,1,Kent Bazemore
schrode01,1,Dennis Schröder
hardati02,1,Tim Hardaway Jr.
muscami01,1,Mike Muscala
scottmi01,1,Mike Scott
pattela01,1,Lamar Patterson
tavarwa01,1,Edy Tavares
pattepa01,1,Patrick Patterson
carrode01,1,DeMarre Carroll
valanjo01,1,Jonas Valančiūnas
rosste01,1,Terrence Ross
derozde01,1,DeMar DeRozan
powelno01,1,Norman Powell
biyombi01,1,Bismack Biyombo
thompja02,1,Jason Thompson
wrighde01,1,Delon Wright
noguelu01,1,Lucas Nogueira
cabocbr01,1,Bruno Caboclo
looneke01,1,Kevon Looney
clarkia01,1,Ian Clark
whiteha01,1,Hassan Whiteside
griffbl01,1,Blake Griffin
olynyke01,1,Kelly Olynyk
morroan01,1,Anthony Morrow
kiddgmi01,1,Michael Kidd-Gilchrist
winslju01,1,Justise Winslow
mcgeeja01,1,JaVale McGee
jonesda03,1,Damian Jones
mccawpa01,1,Patrick McCaw
aminual01,1,Al-Farouq Aminu
harklma01,1,Maurice Harkless
davised01,1,Ed Davis
turneev01,1,Evan Turner
nurkiju01,1,Jusuf Nurkić
napiesh01,1,Shabazz Napier
vonleno01,1,Noah Vonleh
quartti01,1,Tim Quarterman
connapa01,1,Pat Connaughton
laymaja01,1,Jake Layman
goberru01,1,Rudy Gobert
haywago01,1,Gordon Hayward
hoodro01,1,Rodney Hood
favorde01,1,Derrick Favors
inglejo01,1,Joe Ingles
netora01,1,Raul Neto
burksal01,1,Alec Burks
macksh01,1,Shelvin Mack
bolomjo01,1,Joel Bolomboy
exumda01,1,Dante Exum
lylestr01,1,Trey Lyles
dedmode01,1,Dewayne Dedmon
bertada01,1,Dāvis Bertāns
anderky01,1,Kyle Anderson
simmojo02,1,Jonathon Simmons
murrade01,1,Dejounte Murray
forbebr01,1,Bryn Forbes
feldeka01,1,Kay Felder
willide02,1,Derrick Williams
thomais02,1,Isaiah Thomas
belljo01,1,Jordan Bell
youngni01,1,Nick Young
cookqu01,1,Quinn Cook
whitede01,1,Derrick White
paulbr01,1,Brandon Paul
lauvejo01,1,Joffrey Lauvergne
couside01,1,DeMarcus Cousins
hillso01,1,Solomon Hill
okafoem01,1,Emeka Okafor
milleda01,1,Darius Miller
crawfjo02,1,Jordan Crawford
jacksfr01,1,Frank Jackson
liggide01,1,DeAndre Liggins
diallch01,1,Cheick Diallo
tuckepj01,1,P.J. Tucker
blackta01,1,Tarik Black
onuakch01,1,Chinanu Onuaku
jacksaa01,,Aaron Jackson
qizh01,1,Zhou Qi
nancela02,1,Larry Nance Jr.
clarkjo01,1,Jordan Clarkson
osmande01,1,Cedi Osman
zizican01,1,Ante Žižić
whiteok01,1,Okaro White
porteot01,1,Otto Porter Jr.
rubiori01,1,Ricky Rubio
embiijo01,1,Joel Embiid
smartma01,1,Marcus Smart
vanvlfr01,1,Fred VanVleet
monrogr01,1,Greg Monroe
jonesty01,1,Tyus Jones
siakapa01,1,Pascal Siakam
anunoog01,1,OG Anunoby
moreler01,1,Eric Moreland
bouchch01,1,Chris Boucher
millema01,1,Malcolm Miller
vucevni01,1,Nikola Vučević
gordoaa01,1,Aaron Gordon
fournev01,1,Evan Fournier
isaacjo01,1,Jonathan Isaac
birchkh01,1,Khem Birch
cartemi01,1,Michael Carter-Williams
grantje02,1,Jerian Grant
iwundwe01,1,Wes Iwundu
fultzma01,1,Markelle Fultz
frazime01,1,Melvin Frazier
martija01,1,Jarell Martin
bambamo01,1,Mo Bamba
simmobe01,1,Ben Simmons
mccontj01,1,T.J. McConnell
marjabo01,1,Boban Marjanović
ennisja01,1,James Ennis III
korkmfu01,1,Furkan Korkmaz
boldejo01,1,Jonah Bolden
smithzh01,1,Zhaire Smith
antetgi01,1,Giannis Antetokounmpo
bledser01,1,Eric Bledsoe
middlkh01,1,Khris Middleton
brogdma01,1,Malcolm Brogdon
divindo01,1,Donte DiVincenzo
fraziti01,1,Tim Frazier
snellto01,1,Tony Snell
wilsodj01,1,D.J. Wilson
brownst02,1,Sterling Brown
loydjo01,1,Jordan Loyd
colsobo01,1,Bonzie Colson
jerebjo01,1,Jonas Jerebko
mckinal01,1,Alfonzo McKinnie
evansja02,1,Jacob Evans
leeda03,1,Damion Lee
derrima01,1,Marcus Derrickson
oladivi01,1,Victor Oladipo
holliro01,1,Rondae Hollis-Jefferson
carusal01,1,Alex Caruso
kuzmaky01,1,Kyle Kuzma
waitedi01,1,Dion Waiters
antetko01,1,Kostas Antetokounmpo
cacokde01,1,Devontae Cacok
hortota01,1,Talen Horton-Tucker
morrima02,1,Markieff Morris
trentga02,1,Gary Trent Jr.
colliza01,1,Zach Collins
gabriwe01,1,Wenyen Gabriel
hoardja01,1,Jaylen Hoard
littlna01,1,Nassir Little
hezonma01,1,Mario Hezonja
simonan01,1,Anfernee Simons
adamsja01,1,Jaylen Adams
covinro01,1,Robert Covington
houseda01,1,Danuel House Jr.
mclembe01,1,Ben McLemore
riverau01,1,Austin Rivers
clemoch01,1,Chris Clemons
frazimi01,1,Michael Frazier
jokicni01,1,Nikola Jokić
murraja01,1,Jamal Murray
morrimo01,1,Monte Morris
grantje01,1,Jerami Grant
harriga01,1,Gary Harris
portemi01,1,Michael Porter Jr.
plumlma01,1,Mason Plumlee
craigto01,1,Torrey Craig
doziepj01,1,PJ Dozier
cancavl01,1,Vlatko Čančar
danietr01,1,Troy Daniels
cookty01,1,Tyler Cook
bolbo01,1,Bol Bol
bateske01,1,Keita Bates-Diop
adebaba01,1,Bam Adebayo
jonesde02,1,Derrick Jones Jr.
robindu01,1,Duncan Robinson
nunnke01,1,Kendrick Nunn
herroty01,1,Tyler Herro
okpalkz01,1,KZ Okpala
alexaky01,1,Kyle Alexander
vincega01,1,Gabe Vincent
silvach01,1,Chris Silva
porzikr01,1,Kristaps Porziņģis
sabondo01,1,Domantas Sabonis
poweldw01,1,Dwight Powell
daviste02,1,Terence Davis
kanteen01,1,Enes Freedom
portibo01,1,Bobby Portis
nworajo01,1,Jordan Nwora
antetth01,1,Thanasis Antetokounmpo
diakima01,1,Mamadi Diakite
toupaax01,1,Axel Toupane
bryanel01,,Elijah Bryant
merrisa01,1,Sam Merrill
jacksju01,1,Justin Jackson
bjeline01,1,Nemanja Bjelica
strusma01,1,Max Strus
achiupr01,1,Precious Achiuwa
yurtsom01,1,Omer Yurtseven
brownbr01,1,Bruce Brown
claxtni01,1,Nic Claxton
shamela01,1,Landry Shamet
luwawti01,1,Timothé Luwawu-Cabarrot
chiozch01,1,Chris Chiozza
jordade01,1,DeAndre Jordan
jamesmi02,1,Mike James
johnsal02,1,Alize Johnson
johnsty01,1,Tyler Johnson
perryre01,1,Reggie Perry
youngtr01,1,Trae Young
bogdabo01,1,Bogdan Bogdanović
collijo01,1,John Collins
dunnkr01,1,Kris Dunn
huertke01,1,Kevin Huerter
huntede01,1,De'Andre Hunter
mayssk01,1,Skylar Mays
knighna01,1,Nathan Knight
okongon01,1,Onyeka Okongwu
reddica01,1,Cam Reddish
goodwbr01,1,Brandon Goodwin
fernabr01,1,Bruno Fernando
bridgmi01,1,Mikal Bridges
bookede01,1,Devin Booker
aytonde01,1,Deandre Ayton
payneca01,1,Cameron Payne
johnsca02,1,Cameron Johnson
saricda01,1,Dario Šarić
carteje01,1,Jevon Carter
gallola01,1,Langston Galloway
kaminfr01,1,Frank Kaminsky
naderab01,1,Abdel Nader
alexaty01,1,Ty-Shon Alexander
smithja04,1,Jalen Smith
harremo01,1,Montrezl Harrell
walkeke02,1,Kemba Walker
mitchdo01,1,Donovan Mitchell
zubaciv01,1,Ivica Zubac
brownja02,1,Jaylen Brown
robinmi01,1,Mitchell Robinson
clarkbr01,1,Brandon Clarke
wiggian01,1,Andrew Wiggins
paytoga02,1,Gary Payton II
poolejo01,1,Jordan Poole
toscaju01,1,Juan Toscano-Anderson
weathqu01,1,Quinndary Weatherspoon
moodymo01,1,Moses Moody
kuminjo01,1,Jonathan Kuminga
wisemja01,1,James Wiseman
hylanbo01,1,Bones Hyland
campafa01,1,Facundo Campazzo
reedda01,1,Davon Reed
nnajize01,1,Zeke Nnaji
howarma02,1,Markus Howard
banede01,1,Desmond Bane
meltode01,1,De'Anthony Melton
moranja01,1,Ja Morant
brookdi01,1,Dillon Brooks
jacksja02,1,Jaren Jackson Jr.
konchjo01,1,John Konchar
tillmxa01,1,Xavier Tillman Sr.
willizi02,1,Ziaire Williams
tilliki02,1,Killian Tillie
culveja01,1,Jarrett Culver
aldamsa01,1,Santi Aldama
doncilu01,1,Luka Dončić
brunsja01,1,Jalen Brunson
finnedo01,1,Dorian Finney-Smith
klebima01,1,Maxi Kleber
ntilila01,1,Frank Ntilikina
greenjo02,1,Josh Green
burketr01,1,Trey Burke
chrisma01,1,Marquese Chriss
tatumja01,1,Jayson Tatum
williro04,1,Robert Williams
pritcpa01,1,Payton Pritchard
theisda01,1,Daniel Theis
willigr01,1,Grant Williams
hausesa01,1,Sam Hauser
kornelu01,1,Luke Kornet
nesmiaa01,1,Aaron Nesmith
fittsma01,1,Malik Fitts
morgaju01,1,Juwan Morgan
stausni01,1,Nik Stauskas
barnesc01,1,Scottie Barnes
lavinza01,1,Zach LaVine
thybuma01,1,Matisse Thybulle
balllo01,1,Lonzo Ball
willizi01,1,Zion Williamson
martica02,1,Caleb Martin
highsha01,1,Haywood Highsmith
jovicni01,1,Nikola Jović
zelleco01,1,Cody Zeller
allengr01,1,Grayson Allen
beaucma01,1,MarJon Beauchamp
quickim01,1,Immanuel Quickley
hartjo01,1,Josh Hart
harteis01,1,Isaiah Hartenstein
randlju01,1,Julius Randle
grimequ01,1,Quentin Grimes
toppiob01,1,Obi Toppin
mcbrimi01,1,Miles McBride
barrerj01,1,RJ Barrett
simsje01,1,Jericho Sims
jeffrda01,1,DaQuan Jeffries
champju01,1,Justin Champagnie
mathega01,1,Garrison Mathews
okogijo01,1,Josh Okogie
mcdanja02,1,Jaden McDaniels
vandeja01,1,Jarred Vanderbilt
kennalu01,1,Luke Kennard